{"data":[
      {"id":"A001","name":"张三","date":"2016-12-12","dept":"技术部"},
      {"id":"A002","name":"李四","date":"2016-11-08","dept":"行政部"},
      {"id":"A003","name":"王五","date":"2016-08-06","dept":"销售部"},
      {"id":"A004","name":"张三","date":"2016-12-12","dept":"技术部"},
      {"id":"A005","name":"李四","date":"2016-11-08","dept":"行政部"},
      {"id":"A006","name":"王五","date":"2016-08-06","dept":"销售部"},
      {"id":"A007","name":"张三","date":"2016-12-12","dept":"技术部"},
      {"id":"A008","name":"李四","date":"2016-11-08","dept":"行政部"},
      {"id":"A009","name":"王五","date":"2016-08-06","dept":"销售部"},
      {"id":"A010","name":"张三","date":"2016-12-12","dept":"技术部"},
      {"id":"A011","name":"李四","date":"2016-11-08","dept":"行政部"},
      {"id":"A012","name":"王五","date":"2016-08-06","dept":"销售部"},
      {"id":"A013","name":"张三","date":"2016-12-12","dept":"技术部"},
      {"id":"A014","name":"李四","date":"2016-11-08","dept":"行政部"},
      {"id":"A015","name":"王五","date":"2016-08-06","dept":"销售部"},
      {"id":"A016","name":"张三","date":"2016-12-12","dept":"技术部"},
      {"id":"A017","name":"李四","date":"2016-11-08","dept":"行政部"},
      {"id":"A018","name":"王五","date":"2016-08-06","dept":"销售部"}
]}